{"val_accuracy":0.20507845091037383,"_wandb":{"runtime":4371},"epoch":1,"_timestamp":1.7393612374270837e+09,"_runtime":3856.3855711,"_step":3,"train_loss":2.15133685169134}