{"_step":1,"train_loss":2.26143392683587,"epoch":0,"_timestamp":1.7393470494967155e+09,"val_accuracy":0.253131123390338,"_wandb":{"runtime":11915},"_runtime":10438.7861648}