{"_step":2,"_timestamp":1.7393554499099603e+09,"_wandb":{"runtime":6216},"avg_data_time":0,"val_accuracy":0.16493523211076097,"epoch":1,"avg_comp_time":0.009262358270040372,"_runtime":5581.3879077,"train_loss":2.3314867212992563}